🗄️ Archive,Title,Tag,Life Area,URL,AI Keywords,Attachments,Date Added,Summary,Author,Client,"Projects ",Resources,Type,❤️ Favorite,💖 Special Interest
No,"Girls with autism at high risk of sexual abuse, large study says",,Health (../Health%2015186edcae2c801a8e88dab18fe248b5.md),https://www.spectrumnews.org/news/girls-autism-high-risk-sexual-abuse-large-study-says/,"autism sexual abuse risk, neurodevelopmental conditions education, trauma assessment in autism",,"April 30, 2024 11:43 AM","Girls with autism are nearly three times more likely to experience sexual abuse compared to those without autism traits, with ADHD also increasing risk. The study suggests a need for better awareness and education regarding these vulnerabilities. Genetics may play a role, as the link is stronger among identical twins. Clinicians should assess children with autism for potential abuse risks.",,,,,Resource,No,No
No,Autism Spectrum Quotient (AQ),,Health (../Health%2015186edcae2c801a8e88dab18fe248b5.md),https://embrace-autism.com/autism-spectrum-quotient/,"autism sexual abuse risk, trauma assessment in autism",,"April 30, 2024 11:58 AM","The Autism Spectrum Quotient (AQ) is a self-administered questionnaire for adults (16+) to measure autistic traits, consisting of 50 statements with a scoring range of 0-50. A score of 26 or higher may indicate autism, with higher scores suggesting more traits. Various versions exist for different age groups, and the test is available in multiple languages.",,,,,Resource,No,No
No,Autism Test for Adults | Am I Autistic Quiz | Free & Online,,Health (../Health%2015186edcae2c801a8e88dab18fe248b5.md),https://exceptionalindividuals.com/candidates/neurodiversity-resources/neurodiversity-quizzes/autism-quiz-test/,"ADHDAssessment, autism sexual abuse risk",,"April 30, 2024 12:01 PM","Exceptional Individuals offers support for adult neurodiversity, including ASD, dyspraxia, dyslexia, and ADHD, helping individuals understand their diagnoses and navigate recruitment and workplace challenges with a team that is largely neurodiverse.",,,,,Resource,No,No
Yes,Getting an Autism Diagnosis as an Adult,,Health (../Health%2015186edcae2c801a8e88dab18fe248b5.md),https://adult-autism.health.harvard.edu/resources/getting-an-autism-diagnosis-as-an-adult/,"autism sexual abuse risk, neurodevelopmental conditions education, trauma assessment in autism",,"May 5, 2024 3:09 AM","Many adults seek autism diagnoses later in life due to increased awareness and recognition of traits, often prompted by family diagnoses. Primary care providers, psychiatrists, and psychologists can facilitate this process, which is essential for accessing disability benefits. Resources like AANE and Autism Speaks offer guidance and support for adults navigating diagnosis and community.",,,,,Resource,No,No
No,Autism Podcasts | Donna Henderson,,Health (../Health%2015186edcae2c801a8e88dab18fe248b5.md),https://www.drdonnahenderson.com/blank,"autism sexual abuse risk, neurodevelopmental conditions education, trauma assessment in autism",,"May 5, 2024 2:39 PM","Resource listing for autism podcasts by Donna Henderson, added on May 5, 2024, with a link to the relevant webpage.",,,,,Resource,No,No
No,"Autism Assessment for Adults and Women including Late Diagnosis — Kimberly Louvin, LCSW, LICSW, LSSW Kimberly louvin",,Health (../Health%2015186edcae2c801a8e88dab18fe248b5.md),https://www.kimberlylouvin.com/blog/autism-assessments-for-adults,"ADHDAssessment, autism sexual abuse risk, trauma assessment in autism",,"May 5, 2024 2:43 PM","Mental health support for adults seeking autism assessment, including various self-assessment tools and the importance of professional guidance for late-diagnosed individuals. Free consultation available for those interested in exploring their experiences and integrating a diagnosis into their lives.",,,,,Resource,No,No
Yes,Autism Frequency Analysis google search history,,Health (../Health%2015186edcae2c801a8e88dab18fe248b5.md),https://chatgpt.com/c/35bbe8c4-b09b-4537-823c-455c678d76c8,autism sexual abuse risk,,"May 14, 2024 7:15 PM","To analyze the frequency of the keyword ""autism"" in Google search history, access your Google Account, navigate to ""My Activity,"" filter by the keyword, and review the results. You can also export your search history for detailed analysis.",,,,,Resource,No,No
No," Seattle Children’s Hospital: Girls with Autism Disorder",,Health (../Health%2015186edcae2c801a8e88dab18fe248b5.md),,autism sexual abuse risk,,"May 17, 2024 3:50 AM",No content,,,,,Resource,No,No
No,Autism and Social Security Disability: Do I Qualify?,,Health (../Health%2015186edcae2c801a8e88dab18fe248b5.md),https://www.mwke.com/blog/2022/april/autism-and-social-security-disability-do-i-quali/,"autism sexual abuse risk, neurodevelopmental conditions education, trauma assessment in autism",,"May 17, 2024 5:36 AM","Individuals with autism may qualify for Social Security disability benefits, including SSDI and SSI, based on specific criteria related to their condition and limitations in social interaction and communication. Documentation is crucial for the application process, and many applicants face initial rejections. Consulting an attorney can help navigate the complexities of obtaining benefits.",,,,,Resource,No,No
Yes,The Bullet Journal Method For Autism,,Health (../Health%2015186edcae2c801a8e88dab18fe248b5.md),https://bulletjournal.com/blogs/bulletjournalist/the-bullet-journal-method-for-autism,autism sexual abuse risk,,"May 17, 2024 8:29 AM","A journaling method tailored for autistic individuals includes habit trackers, self-care logs, and sections for autism realizations, helping to understand personal experiences and manage tasks effectively while accommodating unique needs.",,,,,Resource,Yes,No
Yes,Autism: Resources Master List,,Health (../Health%2015186edcae2c801a8e88dab18fe248b5.md),https://brittany-notolux.medium.com/autism-resources-masterlist-60b1f713bf9e,"autism sexual abuse risk, neurodevelopmental conditions education, trauma assessment in autism",,"May 17, 2024 9:03 AM","A comprehensive list of resources on autism, including TedTalks and videos that explore personal experiences, societal perceptions, and the importance of understanding diverse autistic perspectives. Notable talks cover topics like the unique challenges faced by autistic individuals and the need for supportive environments.",,,,,Resource,No,No
Yes,20 “It was the Autism All Along” Realizations,,Health (../Health%2015186edcae2c801a8e88dab18fe248b5.md),https://brittany-notolux.medium.com/20-it-was-the-autism-all-along-realizations-03e8c7ccae5d,"autism sexual abuse risk, neurodevelopmental conditions education, trauma assessment in autism",,"May 17, 2024 9:05 AM","The author shares 20 realizations about their Autism journey, highlighting how understanding their condition has clarified past experiences and communication styles, particularly the tendency to communicate formally for clarity and understanding.",,,,,Resource,No,No
No,"Autism Spectrum Disorder: Understanding, Treatment, and Support",,Health (../Health%2015186edcae2c801a8e88dab18fe248b5.md),https://medium.com/@seo.continua/autism-spectrum-disorder-understanding-treatment-and-support-a254107b075a,"autism sexual abuse risk, neurodevelopmental conditions education, trauma assessment in autism",,"May 17, 2024 5:23 PM","Autism Spectrum Disorder (ASD) is a neurodevelopmental disorder affecting social communication and behavior. Early intervention is crucial for improving outcomes, with various treatment approaches available. India has specialized centers offering comprehensive support for individuals with ASD and their families.",,,,,Resource,No,No
No,10 Signs of Autism in Women,,Health (../Health%2015186edcae2c801a8e88dab18fe248b5.md),https://www.psychologytoday.com/us/blog/women-with-autism-spectrum-disorder/202104/10-signs-of-autism-in-women,"autism sexual abuse risk, neurodevelopmental conditions education, trauma assessment in autism",,"May 17, 2024 5:26 PM","Women with autism often face unique challenges, including social difficulties, sensory sensitivities, executive function issues, and mental health struggles. Diagnosis can improve self-esteem and access to support, while symptoms may include anxiety, depression, and camouflaging behaviors. Seeking professional help is crucial for those who identify with these signs.",,,,,Resource,No,No
Yes,Autism-Related Services in NC,,Health (../Health%2015186edcae2c801a8e88dab18fe248b5.md),https://disabilityrightsnc.org/resources/autism-related-services-in-nc/,,,"May 19, 2024 2:00 PM","Autism-related services in North Carolina include therapies like ABA and TEACCH, available for individuals from early childhood through adulthood, with Medicaid coverage and specific eligibility criteria. Early detection and tailored treatment plans are crucial for effective support.",,,,,Resource,No,No
No,"Key Findings: Estimated Number of Adults Living with Autism Spectrum Disorder in the United States, 2017",,Health (../Health%2015186edcae2c801a8e88dab18fe248b5.md),https://www.cdc.gov/autism/publications/adults-living-with-autism-spectrum-disorder.html,"autism sexual abuse risk, neurodevelopmental conditions education, trauma assessment in autism",,"May 19, 2024 2:46 PM","Approximately 5.4 million adults in the U.S. have autism spectrum disorder (ASD), with higher prevalence in men. Ongoing CDC projects aim to address the needs of adults with ASD as they transition to adulthood, highlighting the importance of continued support and services.",,,,,Resource,No,No
No,Autism Screening: Could Someone You Know Have Symptoms?,,Health (../Health%2015186edcae2c801a8e88dab18fe248b5.md),https://psychcentral.com/quizzes/autism-quiz#10,"autism sexual abuse risk, neurodevelopmental conditions education",,"May 21, 2024 7:27 AM",A screening tool helps determine if someone may benefit from an autism evaluation based on observed traits. It encourages discussions with healthcare professionals for accurate diagnosis and emphasizes that results are not definitive. Scoring indicates likelihood of autism spectrum disorder.,,,,,Resource,Yes,No
No,How to Be Ready for an Autism Assessment (with Pictures) - wikiHow,,Health (../Health%2015186edcae2c801a8e88dab18fe248b5.md),https://www.wikihow.com/Be-Ready-for-an-Autism-Assessment,"ADHDAssessment, autism sexual abuse risk, trauma assessment in autism",,"May 23, 2024 1:19 PM","Prepare for an autism assessment by learning about autism signs, sharing personal anecdotes, addressing fears, and being open with the psychologist. Consider co-occurring conditions and possible accommodations, and remember that a diagnosis does not define you.",,,,,Resource,No,No
No,"How to make a Diagnosis Binder for Autism ",,Health (../Health%2015186edcae2c801a8e88dab18fe248b5.md),https://www.reddit.com/r/autism/comments/r8ha5s/my_autism_binder/#lightbox,"DSM5Criteria, autism sexual abuse risk",,"May 23, 2024 1:38 PM","Creating a diagnosis binder for autism can help organize essential information like DSM-5 criteria, self-tests, symptom spreadsheets, and relevant research, enhancing preparedness for assessments and improving communication with professionals.",,,,,Resource,Yes,No
No,Making Sense of the Past as a Late-Diagnosed Autistic Adult,,Health (../Health%2015186edcae2c801a8e88dab18fe248b5.md),,"autism sexual abuse risk, trauma assessment in autism",,"May 27, 2024 7:54 PM","Late autism diagnoses can help adults understand their childhood struggles and trauma. It's important to celebrate past differences and seek help for unresolved pain, as many undiagnosed individuals face bullying and misunderstanding throughout their lives.",,,,,Resource,No,No
No,Ep. 8: Signs of Autism in Adults Commonly Overlooked in Childhood,,Health (../Health%2015186edcae2c801a8e88dab18fe248b5.md),https://www.autismempowermentpodcast.org/ep-8-signs-of-autism-in-adults-commonly-overlooked-in-childhood/,"autism sexual abuse risk, neurodevelopmental conditions education, trauma assessment in autism",,"May 29, 2024 2:14 PM","Karen Krejcha discusses overlooked signs of autism in adults, emphasizing the importance of early identification and diagnosis, and the challenges faced by those who may not have been diagnosed until later in life. The episode covers social interactions, communication difficulties, and sensory processing issues, along with resources for seeking diagnosis and support.",,,,,Resource,No,No
No,The costs of camouflaging autism,,Health (../Health%2015186edcae2c801a8e88dab18fe248b5.md),https://www.thetransmitter.org/spectrum/costs-camouflaging-autism/,"autism sexual abuse risk, neurodevelopmental conditions education",,"June 3, 2024 3:01 AM","Many women with autism camouflage their traits to fit in socially and professionally, often leading to exhaustion and anxiety. This masking can delay diagnosis and understanding of their identity, while also complicating their relationships and mental health.",,,,,Resource,No,No
No,Ehlers-Danlos Syndromes and Hypermobility Spectrum Disorders - Selected Heritable Disorders of Connective Tissue and Disability - NCBI Bookshelf,,Health (../Health%2015186edcae2c801a8e88dab18fe248b5.md),https://www.ncbi.nlm.nih.gov/books/NBK584966/,,,"June 28, 2024 3:03 AM","Ehlers-Danlos syndromes (EDS) and hypermobility spectrum disorders (HSD) are heritable connective tissue disorders characterized by joint hypermobility and various systemic manifestations. Diagnosis is primarily clinical, with ongoing research into genetic causes and management strategies focusing on symptom relief and multidisciplinary care. The prognosis varies, with vascular EDS linked to decreased life expectancy, while psychosocial support is crucial for affected individuals.",,,,,Resource,No,No
No,Ehler Danlos Hyper mobility Syndrome,,Health (../Health%2015186edcae2c801a8e88dab18fe248b5.md),,trauma assessment in autism,,"June 28, 2024 1:04 PM","Ehlers-Danlos Syndrome (EDS) is a group of connective tissue disorders characterized by joint hypermobility, skin hyperextensibility, and tissue fragility, requiring careful diagnosis and management to improve quality of life and minimize complications. Coexisting conditions include autism and POTS, with various management strategies focusing on physical therapy, pain management, and dental care.",,,,,Resource,No,No
No,Ehlers-Danlos Syndrome,,Health (../Health%2015186edcae2c801a8e88dab18fe248b5.md),https://www.rheumatologyadvisor.com/ddi/ehlers-danlos-syndrome/,,,"June 28, 2024 2:33 PM","Ehlers-Danlos syndrome is a group of inherited connective tissue disorders characterized by skin hyperelasticity, joint hypermobility, and blood vessel fragility. There are thirteen subtypes, with varying prevalence and symptoms, and diagnosis is based on clinical findings and genetic testing. Management focuses on preventing complications, with an emphasis on patient education and multidisciplinary care.",,,,,Resource,No,No
No,The Ehlers Danlos Society,,Health (../Health%2015186edcae2c801a8e88dab18fe248b5.md),https://www.ehlers-danlos.com/why-the-zebra/,,,"June 30, 2024 10:39 PM","Individuals with Ehlers-Danlos syndromes (EDS) and hypermobility spectrum disorders (HSD) are often symbolized as zebras, representing the rarity and uniqueness of their conditions. Advocacy aims to improve awareness, reduce diagnosis time, and enhance care pathways within the community, emphasizing the strength found in collective support.",,,,,Resource,No,No
No,Patient Intake Forms EDS-ASD,,Health (../Health%2015186edcae2c801a8e88dab18fe248b5.md),https://rachelleepac.com/patient-resources/,,,"July 1, 2024 1:43 AM","Patient intake forms are available through multiple Google Drive links, added on July 1, 2024, as a resource for EDS-ASD.",,,,,Resource,No,No
No,"Revenge of the gaslit patients: Now, as scientists, they’re tackling Ehlers-Danlos syndromes",,Health (../Health%2015186edcae2c801a8e88dab18fe248b5.md),https://www.statnews.com/2022/12/12/ehlers-danlos-syndrome-patients-turned-researchers/?matchtype=&keyword=&cid=21378541377&agid=&device=c&placement=&creative=&target=&adposition=&utm_source=google&utm_medium=cpc&utm_campaign=pmax-catchall&utm_term=&utm_content=&hsa_acc=5862992171&hsa_cam=21378541377&hsa_grp=&hsa_ad=&hsa_src=x&hsa_tgt=&hsa_kw=&hsa_mt=&hsa_net=adwords&hsa_ver=3&gad_source=1&gclid=CjwKCAjwp4m0BhBAEiwAsdc4aHs4HMKm3L0WR7cEwEZyGSBnhsGWtwQc2WBU0HHSbM1i5xSlap1tbxoCAIQQAvD_BwE,,,"July 1, 2024 10:03 AM","Patients with Ehlers-Danlos syndromes are becoming researchers to uncover genetic causes and improve diagnosis, challenging existing medical practices and advocating for better representation and understanding of their conditions in the scientific community.",,,,,Resource,No,No
No,EDS & ASD GENETICS,,Health (../Health%2015186edcae2c801a8e88dab18fe248b5.md),,"autism sexual abuse risk, neurodevelopmental conditions education, trauma assessment in autism",,"July 25, 2024 6:24 PM","Ehlers-Danlos Syndrome (EDS) and Autism Spectrum Disorder (ASD) exhibit genetic heterogeneity, complicating diagnosis and treatment. Ongoing research aims to uncover genetic causes and improve therapies, while genetic testing can assist in some cases. Early intervention is crucial for ASD, and genetic counseling can benefit affected families.",,,,,Resource,No,No
No,Win Your EDS Disability Claim: A Zebra's Step-By-Step Basic Training Bootcamp,,Health (../Health%2015186edcae2c801a8e88dab18fe248b5.md),https://www.chronicpainpartners.com/win-your-eds-disability-claim-a-zebras-step-by-step-basic-training-bootcamp/,"autism sexual abuse risk, neurodevelopmental conditions education, trauma assessment in autism",,"August 23, 2024 5:23 AM","Empower yourself in the battle for EDS disability support by researching your options, documenting your condition, and knowing your rights. Track your symptoms, explore short-term and long-term disability options, and consider legal assistance to navigate the complex process effectively.",,,,,Resource,No,No
No,Thoracic Outlet Syndrome & Ehlers–Danlos syndromes,,Health (../Health%2015186edcae2c801a8e88dab18fe248b5.md),https://onlinelibrary.wiley.com/doi/10.1002/ajmg.c.31551,,,"September 27, 2024 3:29 PM","Ehlers-Danlos Syndrome (EDS) leads to joint hypermobility and instability, often causing pain and complicating diagnosis and treatment. Effective management requires a multidisciplinary approach, with surgery as a last resort due to higher risks and variable outcomes. Comprehensive understanding of EDS is essential for successful treatment.",,,,,Resource,No,No
No,Ehlers-Danlos Syndrome (EDS) and interoception - The Fascia Hub,,Health (../Health%2015186edcae2c801a8e88dab18fe248b5.md),https://thefasciahub.com/blog/ehlers-danlos-syndrome-eds-and-interoception,,,"September 28, 2024 10:38 AM","Ehlers-Danlos Syndrome (EDS) affects interoception, leading to difficulties in pain recognition, autonomic regulation, digestion, and temperature control. Therapists can improve interoceptive awareness through proprioceptive exercises, mindfulness, education, and community support, enhancing the quality of life for those with EDS.",,,,,Resource,No,No
No,Variants in the Kallikrein Gene Family and Hypermobile Ehlers-Danlos Syndrome,,Health (../Health%2015186edcae2c801a8e88dab18fe248b5.md),https://www.ncbi.nlm.nih.gov/pmc/articles/PMC11213194/,,,"September 28, 2024 10:38 AM","Variants in the Kallikrein gene family, particularly KLK15, are implicated in Hypermobile Ehlers-Danlos Syndrome (hEDS), with whole exome sequencing revealing a significant genetic contribution and functional studies in mice demonstrating related connective tissue defects.",,,,,Resource,No,No
No,The role of medical cannabis in EDS,,Health (../Health%2015186edcae2c801a8e88dab18fe248b5.md),https://www.ehlers-danlos.org/information/the-role-of-medical-cannabis-in-eds/,,,"October 6, 2024 11:53 PM","Medical cannabis has shown significant benefits for Ehlers-Danlos syndrome patients, alleviating chronic pain and reducing reliance on opioids. It interacts with the endocannabinoid system, potentially improving symptoms across multiple domains, including fatigue and sleep issues. Early evidence suggests it may also support mitochondrial function, contributing to its effectiveness. Caution is advised when introducing cannabinoids due to patient sensitivity.",,,,,Resource,Yes,No
Yes,Pulsatile Tinnitus: Interventional Neuroradiologists Offer Answers and Relief,Medical,Health (../Health%2015186edcae2c801a8e88dab18fe248b5.md),https://blog.radiology.virginia.edu/pulsatile-tinnitus-interventional-neuroradiologists-offer-answers-and-relief/,,,"November 22, 2024 7:17 PM","Pulsatile tinnitus, a rare form of tinnitus characterized by rhythmic sounds in sync with the heartbeat, can indicate underlying vascular issues. Interventional neuroradiologists at UVA's clinic in Richmond, Virginia, specialize in diagnosing and treating this condition using minimally invasive techniques, ensuring quicker recovery and fewer complications.",,,,,Resource,No,No
No,Biceps Tendon Tear at the Shoulder - OrthoInfo - AAOS,,Health (../Health%2015186edcae2c801a8e88dab18fe248b5.md),"https://orthoinfo.aaos.org/en/diseases--conditions/biceps-tendon-tear-at-the-shoulder/#:~:text=The%20upper%20end%20of%20the,blade%20called%20the%20coracoid%20process.",,,"November 29, 2024 3:04 PM","Biceps tendon tears at the shoulder can cause pain and weakness, often requiring simple treatments. Surgery may be needed for severe symptoms or complete tears, while most people can manage with rest, ice, and physical therapy. Risk factors include age, overuse, and injury.",,,,,Resource,No,No
No,Shoulder Hypermobility Guide | Jeannie Di Bon,,Health (../Health%2015186edcae2c801a8e88dab18fe248b5.md),https://jeanniedibon.com/shoulder-hypermobility-guide/,,,"November 29, 2024 3:23 PM","Shoulder hypermobility is common among individuals with connective tissue disorders, leading to issues like dislocations and pain. Stabilization through foundational exercises, awareness training, and proper ergonomics is crucial for managing symptoms and improving shoulder function.",,,,,Resource,Yes,No
No,Hypermobility and Stretching,,Health (../Health%2015186edcae2c801a8e88dab18fe248b5.md),https://youtube.com/shorts/-Z1iuJIDOJ0?si=i0XoWWoD4nof3h7q,,,"November 30, 2024 1:32 PM",No content,"Dr. Mamak Shakib, Irvine Spine & Wellness Center",,,,Resource,Yes,No
No,To the neurotypicals who think autistic people can change,Web Clipping,Health (../Health%2015186edcae2c801a8e88dab18fe248b5.md),https://medium.com/@AshleaMcKay/to-the-neurotypicals-who-think-autistic-people-can-change-1c32fe905e18,,https://miro.medium.com/v2/resize:fit:1200/1*6tEV9fNatb34dC661mx7Rw.jpeg,"December 14, 2024 1:15 PM","Autistic individuals cannot change their neurological condition; acceptance and understanding from neurotypicals are crucial. Meltdowns, executive dysfunction, and sensory sensitivities are real challenges that require empathy, not judgment. Embracing neurodiversity leads to better well-being for everyone involved.",,,,,Resource,No,Yes
No,ADHD DSM 5 Criteria,Beth Notes,Health (../Health%2015186edcae2c801a8e88dab18fe248b5.md),,"ADHDAssessment, DSM5Criteria, InsuranceDocumentation",,"December 15, 2024 4:12 PM",Notes on ADHD DSM 5 criteria with links to relevant Figma prototypes for further information and visual aids.,,,,,Beth Notes,Yes,Yes
No,"EDS, POTS and MCAS Linked by One Gene Mutation – EDSAwareness.com",Web Clipping,Health (../Health%2015186edcae2c801a8e88dab18fe248b5.md),https://www.chronicpainpartners.com/eds-pots-mcas-linked-one-gene-mutation/,"autism sexual abuse risk, neurodevelopmental conditions education, trauma assessment in autism",https://www.chronicpainpartners.com/wp-content/uploads/2016/10/Horowitz-article.jpg,"January 5, 2025 4:29 PM","A genetic mutation links Ehlers-Danlos Syndrome (EDS), Postural Orthostatic Tachycardia Syndrome (POTS), and Mast Cell Activation Syndrome (MCAS), shedding light on their obscure relationships and highlighting the need for more research and awareness of these conditions.",,,,,Resource,No,No
No,Overcoming Thoracic Outlet Syndrome: A Step-by-Step Guide – Part 2,Web Clipping,Health (../Health%2015186edcae2c801a8e88dab18fe248b5.md),https://www.motionspecificrelease.com/post/resolving-thoracic-outlet-syndrome-tos-part-2,,"https://static.wixstatic.com/media/11062b_63ba1960ad6248f4878dfc4db488cb8e~mv2.jpg/v1/fill/w_1000,h_662,al_c,q_85,usm_0.66_1.00_0.01/11062b_63ba1960ad6248f4878dfc4db488cb8e~mv2.jpg","January 25, 2025 2:51 PM","Therapeutic approaches for Thoracic Outlet Syndrome (TOS) include manual therapy, osseous mobilization, and targeted exercises. Early conservative treatment is crucial to prevent chronicity, focusing on pain reduction, posture improvement, and proper breathing patterns. Surgical options are reserved for unresponsive cases.",,,,,Resource,No,No
No,Overcoming Thoracic Outlet Syndrome: A Step-by-Step Guide – Part 1,Web Clipping,Health (../Health%2015186edcae2c801a8e88dab18fe248b5.md),https://www.motionspecificrelease.com/post/resolving-thoracic-outlet-syndrome-tos-part-1,,"https://static.wixstatic.com/media/11062b_6407fb3cc29b4aa2aa7be64a3a41545d~mv2.jpeg/v1/fill/w_1000,h_667,al_c,q_85,usm_0.66_1.00_0.01/11062b_6407fb3cc29b4aa2aa7be64a3a41545d~mv2.jpeg","January 25, 2025 2:51 PM","Thoracic Outlet Syndrome (TOS) can cause symptoms like hand numbness, neck pain, and shoulder tension due to neurovascular bundle compression. It can arise from trauma, poor posture, or anatomical differences, and requires careful examination to differentiate from similar conditions. Treatment approaches will be discussed in the next part.",,,,,Resource,No,No
No,How to truly identify and treat thoracic outlet syndrome (TOS),Web Clipping,Health (../Health%2015186edcae2c801a8e88dab18fe248b5.md),https://mskneurology.com/how-truly-treat-thoracic-outlet-syndrome/,,https://mskneurology.com/wp-content/uploads/2020/02/thoracic_outlet_syndrome_21.jpg,"January 25, 2025 6:25 PM","Thoracic outlet syndrome (TOS) involves compression of the brachial plexus and subclavian vessels, leading to diverse symptoms like pain, dizziness, and headaches. Diagnosis is challenging due to a lack of consensus on criteria, and treatment focuses on correcting posture, strengthening weak muscles, and addressing breathing patterns to alleviate symptoms.",,,,,Resource,No,No
No,"Story about TOS, POTS, EDS, MCAS Video",Web Clipping,Health (../Health%2015186edcae2c801a8e88dab18fe248b5.md),,,,"February 6, 2025 1:01 PM",No content,,,,,Resource,No,No
No,Beth Insurance Cards,,Health (../Health%2015186edcae2c801a8e88dab18fe248b5.md),,InsuranceDocumentation,"bcbsnc-id-card-back.png, bcbsnc-id-card-front.png","February 19, 2025 2:14 PM",Documentation for Beth Insurance Cards includes attachments of ID card images and relevant details such as date added and favorite status.,,,,,Documentation,Yes,No
No,Conversational Tools for Discussing the Ehlers-Danlos Syndromes,Web Clipping,Health (../Health%2015186edcae2c801a8e88dab18fe248b5.md),https://cortneygensemer.substack.com/p/conversational-tools-for-discussing,,,"March 4, 2025 10:21 PM",No content,"Cortney Gensemer, PhD",,Rachel Lee  Design Project (../Life%20Wiki%2015686edcae2c80d099a6c4270d28cb50/Source%20Databases%2018486edcae2c80819375e9b2f6f7de6b/Projects1%2015a86edcae2c81ecb2d2c598b0ab9f65/Rachel%20Lee%20Design%20Project%2019086edcae2c81f1968bd5be2064c10c.md),,Resource,No,No
No,"Connecting the dots with EDS, POTS, MCAS, GI, Neurological and Physiotherapy in managing pain in EDS","EDS, MCAS, POTS, Triad",Health (../Health%2015186edcae2c801a8e88dab18fe248b5.md),,"EDSManagement, MCASManagement, POTSManagement",,"March 13, 2025 4:26 PM","Effective pain management in Ehlers-Danlos Syndrome (EDS) involves integrating treatments for associated conditions like POTS and MCAS, addressing symptoms through a combination of therapies, exercises, and lifestyle modifications to improve overall health and quality of life.","Pradeep Chopra, MDPain Medicine Assistant Professor (Clinical)Brown Medical School. USA",,Health Management - Patient Advocacy (../Life%20Wiki%2015686edcae2c80d099a6c4270d28cb50/Source%20Databases%2018486edcae2c80819375e9b2f6f7de6b/Projects1%2015a86edcae2c81ecb2d2c598b0ab9f65/Health%20Management%20-%20Patient%20Advocacy%2015f86edcae2c80ccb8d1c9e97d2a8518.md),,Documentation,Yes,Yes